1,Academia de Comércio colégio,O Lince/O Lynce,81966,,08-10,História institucional,,
2,BR-040,O Lince/O Lynce,08-091975,,41,História,REVISTA DATADAD DE AGOSTO E SETEMBRO DE 1975 MAS O SISTEMA SÓ PEDE ddmmaaaa. COMO SERÁ FEITO NESTES CASOS?,
3,Braz Bernardino Loureiro Tavares,Jornal do Commercio,07011910,,1,Artigo sobre o Primeiro Congresso Católico Mineiro do qual ele presidiu. Foto de Braz Bernardino. ,,
4,Camelô,O Lince/O Lynce,00021971,,16-17,Camelôs infestam Juiz de Fora,,
5,Cândido Teixeira Tostes,O Dia,12041927,,1,Homenagens póstumas. Foto do homenageado.,,
6,Canhão da Praça Antônio Carlos,O Lince/O Lynce,51969,,17,Reforma do canhão,,
7,Capela Senhor dos Passos,O Lince/O Lynce,18091907,,7,Foto aproximadamente do século XIX ,OBSERVAR O PROBLEMA DA DATAÇÃO (MESES FICAM SIMILAR A DIA E MÊS QUANDO QUER DIZER MES DE NOVEMBRO E DEZEMBRO E NÃO O DIA E O MÊS).,
8,Capela Senhor dos Passos,Jornal do Commercio,20121913,,1,Foto com a torre reconstruída ,,
9,Capela Senhor dos Passos,Jornal do Commercio,19021912,,1,História,,
10,Mudança da capital de Minas Gerais,O Lince/O Lynce,051964,,22,Artigo: Que mal fizemos à Belo Horizonte. Questiona a antipatia dos belo-horizontinos por Juiz de Fora. ,,
11,José Pinto Cardoso Sobrinho,O Lince/O Lynce,011941,,[23],Biografia no suplemento da Academia de Letras de Juiz de Fora. com foto do biografado.,Publicação originalmente não paginada,
12,José Pinto Cardoso Sobrinho,O Lince/O Lynce,041945,,2,Foto de José Pinto Cardoso Sobrinho em comemoração do aniversário.,,
13,José Pinto Cardoso Sobrinho,O Lince/O Lynce,041945,,7,Artigo: Os Tamancos,,
14,José Pinto Cardoso Sobrinho,O Lince/O Lynce,101949,,4,Falecimento com foto e texto.,,
15,José Pinto Cardoso Sobrinho,O Lince/O Lynce,51950,,[38],Artigo sobre o pioneiro da radiodifusão em Minas Gerais.,Publicação originalmente não páginada,
16,Caricaturas e charges,Jornal do Commercio,01101906,,1,Desenhos de propaganda do Óleo de Ovo de J. Paixão (José Paixão). Ver também edições 6 7 8/10/1906 e seguintes.,,
17,Caricatura e charge,O Lince/O Lynce,121949,,5,Charge de João Carriço,,
18,Caricaturas charges e desenhos,O Dia,15011924,,1,Propaganda da exposição de caricaturas de Alberto Delpino (A. Delpino) e seu filho Delpino Júnior.,,
19,Alberto Delpino (Alberto André Feijó Delpino  A. Delpino),O Dia,15011924,,1,Propaganda da exposição de caricaturas de Alberto Delpino e de seu filho Delpino Júnior (André Alberto Delpino Júnior. A. Delpino).,Nascido em Juiz de Fora em 10/8/1864 e falecido em Belo Horizonte em 15/3/1942.,
20,Delpino Júnior (Alberto André Feijó Delpino Júnior  Delpino Jr.),O Dia,15011924,,1,Propaganda da exposição de caricaturas de Delpino Júnior e seu pai Alberto Delpino (A. Delpino).,,
21,Charges caricaturas e desenho,O Dia,03021924,,1,A arte de Delpino Júnior. Texto de Edmundo Lys.,,
22,Delpino Júnior (Alberto André Feijó Delpino Júnior  Delpino Jr.),O Dia,03021924,,1,A arte de Delpino Júnior. Texto de Edmundo Lys,,
23,Edmundo Lys (Antônio Gabriel de Barros Vale),O Dia,03021924,,1,Texto: A arte de Delpino Júnior.,,
24,Delpino Júnior (Alberto André Feijó Delpino Júnior  Delpino Jr.),O Dia,09021924,,1,Artigo: Legendas de caricaturas de Delpino Júnior.,,
25,Charges caricaturas e desenhos,O Dia,09021924,,1,Artigo: Legendas de caricaturas de Delpino Júnior.,,
26,Caricaturas charges e desenhos,O Dia,12011924,,1,Exposição de Delpino Júnior (Alberto André Feijó Delpino Júnior),,
27,Charges caricaturas e desenhos,O Dia,01021917,,1,Charges de A. Delpino (Alberto André Feijó Delpino),,
28,João Gonçalves Carriço (João Carriço) empresário pioneiro do cinema,O Lince/O Lynce,121949,,5,Charge: Os três Titans assinada Carriço.,,
29,João Gonçalves Carriço (João Carriço) empresário pioneiro do cinema,O LInce/O Lynce,00101960,,19,Proposta de monumento a João Gonçalves Carriço,,
30,João Gonçalves Carriço (João Carriço) empresário pioneiro do cinema,O Lince/O Lynce,00051950,,[56],Artigo sobre a Carriço Film com foto de João Gonçalves Carriço,,
31,João Gonçalves Carriço (João Carriço) empresário pioneiro do cinema ,O Lince/O Lynce,00061960,,16B  16C  16D  17,História de João G. Carriço.,,
32,João Gonçalves Carriço (João Carriço) empresário pioneiro do cinema,O Lince/O Lynce,2ª quinzena111936,,1-2,Biografia e foto.,,
33,João Gonçalves Carriço (João Carriço) empresário pioneiro do cinema,Marília,ago-set1934,,3,Início da Carriço Film com foto de João Gonçalves Carriço.,,
34,Casa de Saúde e Maternidade Juiz de Fora,Correio de Minas,29031941,,4,Construção do edifício e história da instituição.,,
35,Casa de Saúde e Maternidade Juiz de Fora,Correio de Minas,31121941,,1 6,Inauguração.,,
36,Casa d'Italia,O Lince/O Lynce,00051970,,7,Torneio de Bocce na Casa d'Italia.,,
37,Casa Maternal,Correio de Minas,31121936,,1,História da instituição.,Localizada na rua Barão de Cataguases.,
38,Catedral Metropolitana de Juiz de Fora,Jornal do Commercio,30051909,,1,Reforma do jardim da Matriz.,Antiga Matriz de Santo Antônio,
39,Catedral Metropolitana de Juiz de Fora,O Lince/O Lynce,00061948,,8,Reforma,,
40,Catedral Metropolitana de Juiz de Fora,O Lince/O Lynce,00061975,,27,Reforma,,
41,Catedral Metropolitana de Juiz de Fora,Marília,111941,,1,Capa: foto do projeto para a Catedral. Projeto feito pelo arquiteto Luiz Tossati.,,
42,Conde de Cedofeita (Henrique Coelho de Souza),Diário de Minas,29071889,,2,Ver a penhora de seus bens na coluna: Editaes.,O título de (1º) Conde de Cedofeita foi criado pelo rei de Portugal d. Luís I em 09/07/1875.,
43,Cemitério Municipal de Juiz de Fora (Cemitério Nossa Senhora Aparecida),Jornal do Commercio,06011906,,1,Artigo sobre a mudança do Cemitério Municipal,,
44,Cervejaria Kremer,Jornal do Commercio,03101900,,1,"Artigo: ""Indústria local"" sobre a primeira cervejaria estabelecida na Província de Minas Gerais em 1867. já tendo sido denominada: Cervejaria Mineira Cervejaria Germânia e Cervejaria Americana.",,
45,Cesar Turatti,Jornal do Commercio,14031922,,1,Exposição de paisagens de Juiz de Fora.,,
46,Chapéu D'Uvas (bairro rural),O Lince/O Lynce,00051964,,31,História.,,
47,Companhia de Fiação e Tecelagem Moraes Sarmento (Fábrica Sarmento),O Lince/O Lynce,00041970,,16,Foto (publicada apenas a foto da empresa).,,
48,Companhia Central de Diversões,Correio de Minas,31121936,,1,História da empresa Cine-Theatro Ltda sucedida pela Companhia Central de Diversões.,,
49,Antônio Chimico Corrêa,Diário da Tarde,03041963,,3,Biografia de um dos fundadores da Companhia Central de Diversões (Cine-Theatro Central),,
50,Companhia Industrial e Construtora Pantaleone Arcuri,Jornal do Commercio,30091900,,1,Repórter visita as instalações da empresa.,,
51,Companhia Têxtil Bernardo Mascarenhas,Jornal do Commercio,21121898,,1,História e foto da fábrica.,,
52,Companhia Mineira de Eletricidade - CME.,O Dia,01071922,,1,Vários artigos de Saint Clair Miranda de Carvalho reclamando sobre as tarifas da CME. abrange todo o ano de 1922.,,
53,Cidade Industrial bairro,O Lince/O Lynce,00061965,,13,História: surgimento do bairro.,,
54,Cine Excelsior,O Lince/O Lynce,00021958,,4,Inauguração. Situado na Avenida Barão do Rio Branco. História dos cinemas em Juiz de Fora.,,
55,Cine Palace.,O Lince/O Lynce,00111948,,5,História: inauguração em 19/11/1948. História dos cinemas em Juiz de Fora.,,
56,Cine Paraíso,O Lince/O Lynce,abr-maio1953,,40,História dos cinemas em Juiz de Fora.,"Inaugurado em 16/05/1953 ao lado do Instituto Maria na rua São Mateus.Enceramento das atividades em 1967. Em 14/01/1986 a FUNALFA reabriu o Cine Paraíso. Novamente encerrando as atividades em 30/04/1990.",
57,Cine Polytheama,Jornal do Commercio,05111915,,1,Cine Polytheama completa 5 anos nesta data. Fundado por Antonio Chimico Correa em 05/11/1910. Localizado onde hoje estáo Cine-Theatro Central. História dos cinemas em Juiz de Fora.,,
58,Cine Popular,Jornal do Commercio,16081927,,1,Inauguração. Cine Popular foi inaugurado dia 14/08/1927 por João Gonçalves Carriço na Avenida Getúlio Vargas antiga rua XV de Novembro. História dos cinemas em Juiz de Fora.,,
59,Cine Royal (ou Royal Cinema),Jornal do Commercio,00111910,,,Durante todo o mês consta a programação de filmes do Royal. Localizava-se na rua Halfeld 57. História dos cinemas em Juiz de Fora.,,
60,Cine São Luiz,O Lince/O Lynce,00041969,,33,Inauguração das novas instalações. História dos cinemas em Juiz de Fora.,,
61,Cine-Theatro Central,Jornal do Commercio,02041929,,1,Inauguração. História dos cinemas em Juiz de Fora.,,
62,Cine-Theatro Central,Correio de Minas,11041931,,1,Discussão a cerca do entorno do Cine-Theatro Central. Foto da planta baixa do edifício.,,
63,Cine-Theatro Central,Correio de Minas,31121936,,1,Comemoração das atividades Cine-Theatro Ltda em Juiz de Fora. Foto dos diretores.,,
64,Cine-Theatro Central,Jornal do Commercio,08071931,,1,Construção da praça em frente ao Cine-Theatro Central a partir da doação do terreno.,,
65,Cine-Theatro Central,O Lince/O Lynce,24041929,,1,Artigo sobre três inaugurares: Cine-Theatro Central Cine-Theatro Glória e Associação dos Empregados do Comércio.,,
66,Cine-Theatro Glória,O Lince/O Lynce,24041929,,1,Artigo sobre a inauguração do Cine-Theatro Glória Cine-Theatro Central e a Associação dos Empregados do Comércio que nesta data comemora 25 anos de fundação inaugurando nova sede. O Cine-Theatro Glória foi construído pelo industrial Benjamim Ferreira Guimarães em 1929 na rua Halfeld (onde hoje é a Galeria Constança Valadares).   ,,
67,Cinema (espaço de exibição),Jornal do Commercio,05111915,,1,O Cine Polytheama comemora 5 anos neste dia. Foto (ruim) da fachada.,,
68,Cinema (arte cinematográfica),Correio de Minas,31071920,,1,Os filmes exibidos no Cine Polytheama passavam por censura da Igreja Católica do Rio de Janeiro.,,
69,Cinema Juiz de Fora,Jornal do Commercial,00111910,,,Durante o mês de novembro consta a programação deste cinema localizado na rua Halfeld.,,
70,Clube Caiçaras,O Lince/O Lynce,00061966,,10,Lançamento da pedra fundamental.,,
71,Clube Juiz de Fora ,O Lince/O Lynce,00031950,,[5],Foto do Clube Juiz de Fora sendo totalmente devorado pelo fogo na madrugada de 21/02/1950.,,
72,IMBEL - Indústria de Material Bélico do Brasil,O Lince/O Lynce,00031950,,[2],Fotografia do enterro das vítimas da explosão ocorrida na Fábrica Juiz de Fora (atual IMBEL) no dia 07/03/1944. Cortejo desce a avenida Getúlio Vargas em direção ao Cemitério Municipal. Na página consta a relação de todos as 14 vítimas da explosão.,,
73,Clube Juiz de Fora,Jornal do Commercio,20051902,,1,História do Clube Juiz de Fora. Fundado em 18/05/1902.,,
74,Clube Juiz de Fora,Diário de Minas,29071889,,1,Reunião dos sócios do Club Juiz de Fora no Hotel Rio de Janeiro onde funcionava o Clube Juiz de Fora. eleição da nova diretoria.,,
75,Clube Nautíco,O Lince/O Lynce,00101961,,4,História inauguração.,,
76,Clube Sírio e Libanês,O Lince/O Lynce,00121964,,30-41,História. Fundação do clube. Fotos da colônia àrabe em Juiz de Fora.,,
77,Henrique Maximiliano Coelho Netto literato,Correio de Minas,18091907,,1,Noticia a chegada e a partida do literato Coelho Netto em Juiz de Fora no mesmo dia.,,
78,Colégio Stella Matutina,Jornal do Commercio,13051915,,1,Demolição do prédio do colégio na rua Direita (atual av. Barão do Rio Branco) próximo a ponte do Queiroz (junto a rua Rei Alberto).,,
79,Construção civil,O Lince/O Lynce,ago-set1965,,19-28,O crescimento da construção civil e o Código de Obras de Juiz de Fora.,"""PROBLEMA"" COM A DATAÇÃO",
80,Construção civil,Correio de Minas,29071935,,1 6,Entrevista com o presidente do Sindicato de Construtores de Juiz de Fora. Foto de empresários construtores.,,
81,Corpo de Bombeiros,Minas Livre,15101891,,1,Necessidade da criação de um Corpo de Bombeiros em Juiz de Fora.,,
82,Corpo de Bombeiros,Jornal do Commercio,24081899,,1,"Artigo: ""Pavoroso Incêndio"" na 3ª coluna do jornal. Na matéria se diz da necessidade da criação de uma Corporação de Bombeiros na cidade.",,
83,Corpo de Bombeiros,Jornal do Commercio,02091899,,1,Início de demandas de uma corporação de bombeiros na cidade. Registra-se na 4ª coluna o cidadão Henrique Kremer e a bomba para apagar incêndio.,,
84,Antônio Correa e Castro artista plástico,Correio de Minas,18121895,,1,Exposição.,,
85,Antônio Correa e Castro artista plástico,Correio de Minas,22121895,,1,Exposição em São Paulo. ,"Antônio Correa e Castro nasceu 1848 e faleceu 1929 em Vassouras. Viveu uma ""temporada"" em Juiz de Fora no final da década de 1890 até a primeira década do século XX.",
86,Antõnio Correa e Castro artista plástico,Jornal do Commercio,02041897,,1,"O artista doa a obra ""Colônia de Cima"" (atual bairro São Pedro) para a direção do Jornal do Comércio. História do bairro São Pedro.",,
87,Antônio Correa e Castro artista plástico,Jornal do Commercio,03041897,,1,"Na coluna ""Por Alto"" Correa e Castro presenteia o colunista (Heitor Guimarães) com uma obra registrando vista da cidade.",,
88,Antônio Correa e Castro artista plástico,Jornal do Commercio,13041900,,1,Exposição de Correa e Castro e seus alunos na Casa Goetze na rua Halfeld. Várias alunos eram da família Fontainha. ,,
89,Antônio Correa e Castro artista plástico,Jornal do Commercio,01021906,,2,"Biografia do artista. Expõem a obra ""Enchente do Paraibuna"".",,
90,Correios e Telégrafos,Jornal do Commercio,20121913,,43,Foto da diretoria dos Correios e Telégrafos na cidade.,,
91,Correios e Telégrafos,Jornal do Commercio,14051897,,1,Instalação da agência dos Correios e Telégrafos na rua Halfeld nº 7.,,
92,Correios e Telégrafos,Jornal do Commercio,08021934,,1,Lançamento da Pedra Fundamental do edifício sede dos Correios e Telégrafos na rua Marechal Deodoro.,,
93,Correios e Telégrafos,Correio de Minas,29071935,,3,Inauguração da sede dos Correios e Telégrafos na rua Marechal Deodoro.,,
94,Cosette de Alencar,O Lince/O Lynce,00071973,,23,Artigo de Diva Almeida Netto sobre Cosette de Alencar.,,
95,Costa Carvalho bairro,O Lince/O Lynce,00031958,,24,,História do bairro.,
96,Costa Carvalho bairro,Jornal do Commercio,20121913,,47,Foto de uma residência (vivenda) na avenida Costa Carvalho pertencente ao coronel Alberto Costa.,,
97,Criminalidade,Jornal do Commercio,03031906,,5 8,Edição da tarde. Repórter vai à cadeia pública e entrevista os presos (tipos de crimes. quem são os criminosos). INTERESSANTE!!!,Observar que nesta época os jornais circulavam duas ou três edições diárias. neste caso como deve entrar no fichamento/dados?,2
98,Lindolpho Gomes/Lindolfo Gomes escritor literato folclorista,Jornal do Commercio,06021902,,1,Artigo de Augusto Franco (Aufra) sobre Lindolfo Gomes.,,
99,Lindolpho Gomes/Lindolfo Gomes escritor literato folclorista,O Lince/O Lynce,09011948,,31,Fotos de Lindolpho Gomes/Lindolfo Gomes,,
100,Litogravuras,O Lince/O Lynce,00051963,,,Foto dos litógrafos juiz-foranos em 1923.,,
101,Cattaneo litógrafo,Jornal do Commercio,07031906,,1,Gravura de Affonso Penna/Afonso Pena.,,
102,Cattaneo litógrafo,Jornal do Commercio,18081901,,1,Gravura de Francisco Mariano Halfeld.,,
103,Pastor litógrafo,Jornal do Commercio,04091901,,1,Gravura do padre Correa de Almeida,,
104,Lourdes bairro,O Lince/O Lynce,00011958,,6-7,História do bairro de Lurdes (Lourdes).,,
105,Luiz Creozol,Luz,03061922,,11,Biografia.,,
106,José Alves Júnior literato,O Lince/O Lynce,00031944,,2,Falecimento.,,
107,José Alves Júnior literato,O Dia,16011923,,1,Homenagens,,
108,Largo do Cruzeiro,O Lince/O Lynce,ago-set1976,,79,História. Logradouro.,,
109,Liga Mineira contra a Tuberculose ,Jornal do Commercio,07101900,,1,Sobre a primeira sessão de fundação da Liga.,,
110,Bondes,A Propaganda,25101887,,1,História. Transportes.,,
111,Bondes,Jornal do Commercio,01041906,,1,Inauguração do bonde elétrico. História. Transportes.,,
112,Bondes,Jornal do Commercio,08051906,,1,Primeira experiência dos bondes elétricos. História. Transportes.,,
113,Bondes,O Lince/O Lynce,00031969,,20-21,História charges e etc.,,
114,Bondes,O Lince/O Lynce,00041969,,26,Fim dos bondes. História. Transportes.,,
115,Bondes,O Lince/O Lynce,00051968,,23,Fim dos bondes. História. Transportes.,,
116,Bondes,O Lince/O Lynce,00071964,,14,Prefeito Adhemar de Andrade vai suprimindo aos poucos as linhas de bondes. História. Transportes.,,
117,Belmiro Braga escritor poeta literato,O Lince/O Lynce,00091956,,1,Foto aérea do bairro.,,
118,Belmiro Braga escritor poeta literato,O Lince/O Lynce,00051947,,2,Fotos das obras do loteamento/bairro. História.,,
119,Belorizonte X Juiz de Fora ,O LInce/O Lynce,00051964,,22,"Questionando acerca da ""antipatia"" de Belo Horizonte por Juiz de Fora",,
120,Benedito Valadares Ribeiro político,Marília,ago-set/1934,,18-19,Benedito Valadares visita Juiz de Fora.,,
121,Benfica bairro,O LInce/O Lynce,fev.-mar../1965,,39,Emancipação do novo bairro. História do bairro.,,
122,Benjamin Colucci,O LInce/O Lynce,00121962,,41,Morte de Benjamin Colucci.,,
123,Bernardo Mascarenhas empresário empreendedor.,Jornal do Commercio ,11101899,,01,Falecimento. Biografia.,,
124,Pietro Biancovilli litógrafo,Juiz de Fora,15081893,,2,Artigo de Pietro Biancovilli destinado aos italianos.,,
125,Pietro Biancovilli litógrafo,Jornal do Commercio,21041898,,1,Gravura de estátua de Tiradentes.,,
126,Pietro Biancovilli litógrafo,Jornal do Commercio,29061898,,1,Gravura de Floriano Peixoto.,,
127,Benfica bairro,O LInce/O Lynce,00061965,,7,Proposta de emancipação. História do bairro.,,
128,Benfica bairro,O LInce/O Lynce,00051961,,30,História do bairro.,,
129,Benfica bairro,O LInce/O Lynce,00021963,,8,História do bairro.,,
130,Benfica bairro,O LInce/O Lynce,mar.-maio/1956,,22-24  73,Artigo sobre o significado das ruas do bairro.,,
131,Jardim Bom Pastor bairro,O LInce/O Lynce,00111972,,18,Administração municipal e a inauguração da praça do bairro.,,
132,Jardim Bom Pastor bairro,O LInce/O Lynce,00121968,,1 8,História do loteamento e do lago.,,
133,Jardim Bom Pastor bairro,O LInce/O Lynce,00061971,,10-11,Projeto do lago.,,
134,Jardim Bom Pastor bairro,O LInce/O Lynce,ago.-set./1971,,79,História do bairro.,,
135,Jardim Bom Pastor bairro,O LInce/O Lynce,00091956,,79,Foto aérea do bairro.,,
136,Jardim Bom Pastor bairro,O LInce/O Lynce,00051947,,1,História do loteamento e do bairro.,,
137,Albert Cohen fotógrafo,Parahybuna,17101880,,4,Anúncio de Albert Cohen recém chegado de Paris com equipamento fotográfico moderno,,
138,Albert Cohen fotógrafo,Parahybuna,03101880,,2,Informa o endereço residencial do fotógrafo.,,
139,Albino Esteves de Oliveira escritor historiador,O Lince/O Lynce,00041967,,32,Biografia.,,
140,Albino Esteves de Oliveira escritor historiador,O Lince/O Lynce,00051968,,32-33  70,Texto de Edmundo Lys sobre Albino Esteves.,,
141,Albino Esteves de Oliveira escritor historiador,Jornal do Commercio,01101901,,1,Estreia de Albino Esteves como ator amador.,,
142,Album do Município de Juiz de Fora [de 1915],O Dia,09011923,,1,"Albino Esteves publica artigo ""Revelações do Álbum"" [do Município de Juiz de Fora]",,
143,Álbum do Município de Juiz de Fora [de 1915],O Dia,07011923,,1,Belmiro Braga elogia o Álbum do Município de Juiz de Fora.,,
144,Alemães/germânicos,O Lince/O Lynce,00071973,,8,2ª festa alemã/alemães imigração.,,
145,Alemães/germânicos,O Lince/O Lynce,00081958,,04-05  22-23,"Centenário da imigração alemã em Juiz de Fora/Inauguração do monumento ""Marco da Colônia"".",,
146,Alemães/germânicos,O Lince/O Lynce,00121969,,14-15,1ª festa alemã/alemães imigração.,,
147,Alfaiataria e alfaiates,Marília,00091942,,61,Foto da alfaiataria Antero.,,
148,Ali Halfeld,O Lince/O Lynce,set.-out./1967,,23,Biografia.,,
149,Alto dos Passos bairro,Jornal do Commercio,10061898,,2,Obras de embelezamento do Largo dos Passos.,,
150,Alto dos Passos bairro,Jornal do Commercio,11101903,,1,"Belmiro Braga na coluna ""Aos Domingos"" assina a coluna indicando morar no bairro.",,
151,Alto dos Passos bairro,Correio de Minas,31121936,,1,Biografia do capitão Alfonso Botti/Afonso Botti loteador do bairro.,,
152,Alto dos Passos bairro,Marília,abr.-maio1948,,7  29,Foto e informações sobre Alfonso Botti/Afonso Botti loteador do bairro.,,
153,Amanajós Araújo advogado boêmio,Correio da Tarde,08011907,,2,Biografia (advogado e boêmio).,,
154,Angelo Bigi artista plástico,O Dia,03011918,,1,"Na coluna ""Correio do Dia"" descreve a inauguração do Paço Municipal e infroma ser decorado por Angelo Bigi.",,
155,Angelo Bigi artista plástico,Jornal do Commercio,31101926,,2,"Homenagem a Angelo Bigi que foi o ilustrador do livro ""Cidade do Sonho e da Melancolia"" de Gilberto de Alencar.",,
156,Angelo Bigi artista plástico,Jornal do Commercio,21041927,,1,"Publicaram o ""Tiradentes"" de Angelo Bigi feito para ilustrar o livro ""Cidade do Sonho e da Melancolia"" de Gilberto de Alencar.",,
157,Angelo Bigi artista plástico,Jornal do Commercio,ago.-set.1976,,,Biografia de Angelo Bigi e pintura do Cine-Theatro Central.,,
158,Pietro Biancovilli litógrafo,O Lince/O Lynce,12021921,,1,A pedido da família dois dias antes de falecer dois padres foram à casa de Pietro Biancovilli para dar a comunhão mas ele recusou.,,
159,Pietro Biancovilli litógrafo,Jornal do Commercio,06091900,,1,Gravura catafalco de Umberto I.,,
160,Pietro Biancovilli litógrafo,O Lince/O Lynce,00051970,,35,Montagem litográfica feita por Pietro Biancovilli na revista Evolução com vistas da cidade de Juiz de Fora.,,
161,Pietro Biancovilli litógrafo,O Lince/O Lynce,00111960,,8,História da cidade.,,
162,Pietro Biancovilli litógrafo,O Lince/O Lynce,00021964,,12-13,História da litografia Biancovilli. Tem foto de Pietro Biancovilli.,,
163,Pietro Biancovilli litógrafo,Jornal do Commercio,26031899,,1,Litografia de Campos Salles.,,
164,Pietro Biancovilli litógrafo,Jornal do Commercio,14071899,,1,Gravura da Tomada da Bastilha Paris França.,,
165,Pietro Biancovilli litógrafo,Jornal do Commercio,13121899,,1,Pietro Biancovilli oferece exemplar da folhinha Fim do Século ao Jornal do Commercio. A folhinha tem várias vistas da cidade de Juiz de Fora.,,
166,Pietro Biancovilli litógrafo,Jornal do Commercio,07091902,,1,Gravura.,,
167,Pietro Biancovilli litógrafo,Jornal do Commercio,04091902,,3,Propaganda do Curso de Caligrafia ministrado por Pietro Biancovilli,,
168,Pietro Biancovilli litógrafo,Jornal do commercio,07091898,,1,"Gravura ""Grito do Ipiranga"".",,
169,Pietro Biancovilli litógrafo,Jornal do Commercio,23071898,,1,Gravura de Luiz Detsi.,,
170,Bancas de jornais e revistas,O Lince/ O Lynce,00061957,,16-17,História da banca de jornais da antiga rodoviária de Juiz de Fora na avenida Barão do Rio Branco de propriedade do italiano Gino Imbroisi. Foto.,,
171,Bancas de jornais e revistas,O LInce/ O Lynce,29021936,,1,"Artigo: ""O trambolho da rua Halfeld"".",,
172,Delpino Júnior (Alberto André Feijó Delpino Júnior  Delpino Jr.),Silhueta,00031927,,14,Foto de Delpino Jr. Filho do pinto e caricaturista  Alberto André Feijó Delpino. Nasceu em Barbacena em 1906.,,
173,Delpino Júnior (Alberto André Feijó Delpino Júnior  Delpino Jr.),O Dia,15011924,,1,Propaganda da exposição de caricaturas de Alberto Delpino (A. Delpino) e seu filho Delpino Júnior (Delpino Jr.),,
174,Academia Mineira de Letras,Correio de Minas,12041907,,2,Artigo de Mendes de Oliveira sobre a futura criação da Academia.,História institucional.,
175,Mendes de Oliveira,Correio de Minas,12041907,,2,Artigo sobre futura criação da Academia Mineira de Letras.,,
176,Academia Mineira de Letras,Jornal do Commercio,05081911,,1,Posse de Plínio Motta (com foto de Plínio Motta e Machado Sobrinho).,,
177,Plínio Motta,Jornal do Commercio,05081911,,1,Posse de Plínio Motta na Academia Mineira de Letras (com foto de Plínio Motta e Machado Sobrinho).,,
178,Machado Sobrinho,Jornal do Commercio,05081911,,1,Artigo sobre a posse de Plínio Motta na Academia Mineira de Letras traz foto de Machado Sobrinho e Plínio Motta.,,
179,Delpino Júnior (Alberto André Feijó Delpino Júnior  Delpino Jr.),O Dia,09021924,,1,"Artigo: ""Legendas e Caricaturas"" de Delpino Júnior.",,
180,Delpino Júnior (Alberto André Feijó Delpino Júnior  Delpino Jr.),O Dia,01021917,,1,Caricaturas que fez do seu pai Alberto Delpino.,Material publicado em duas datas 1 e  3 de fevereiro.,
181,Alberto Delpino (Alberto André Feijó Delpino  A. Delpino) ,O Dia,01021917,,1,Caricaturas que seu filho Delpino Júnior (Delpino Jr.) fez dele Alberto Delpino (A. Delpino).,,
182,Edmundo Lys (Antônio Gabriel de Barros Vale) literato,O Dia,03021924,,1,Artigo: A arte de Delpino Júnior.,,
183,Aeroporto Francisco Álvares de Assis (Aeroporto da Serrinha),O Lince/O Lynce ,00061963,,4,Artigo sobre os primeiros turboélices que lá desceram.,,
184,Afonso Botti (Alfonso Botti),Correio de Minas,31121936,,1,Biografia.,,
185,Afonso Botti (Alfonso Botti),Marília,00091942,,36,Foto de Afonso Botti (Alfonso Botti),,
186,Afonso Botti (Alfonso Botti),Marília,abr.-maio1948,,7  29,Foto e informações biográficas. ,Foi loteador dos bairros Alto dos Passos e São Mateus.,
187,Angelo Bigi artista plástico,O Lince/O Lynce,ago.-set.1976,,22-25,Biografia de Angelo Bigi e pintura do Cine-Theatro Central.,,
188,Árabes,O Lince/O Lynce,00121964,,30-41,Colônia Sírio-libanesa.,,
189,Arquitetura,Correio de Minas,29071935,,5,Ressalta a beleza dos edifícios em Juiz de Fora.,,
190,Artes plásticas,A Propaganda,20101887,,1 3,Anuncia a estadia em Juiz de Fora do conhecido paisagista e aquarelista Silva Mendes.,,
191,Artes plásticas,Jornal do Commercio,01041897,,1,Informações sobre o artista Coreia e Castro.,,
192,Artes plásticas,Jornal do Commercio,01021906,,2,Informações sobre o artista Correia e Castro.,,
193,Arthur Azevedo literato,Correio da Tarde,07091907,,1,Vinda de Arthur Azevedo à Juiz de Fora.,,
194,Arthur Azevedo literato,Correio de Minas,06091907,,2,"Arthur Azevedo estava em Juiz de Fora para apresentação da sua comédia ""O Dote"".",,
195,Arthur Azevedo literato,Correio de Minas,07091907,,1,"Arthur Azevedo estava em Juiz de Fora para apresentação da sua comédio ""O Dote"".",,
196,Arthur Azevedo literato,Correio de Minas,08091907,,1,"Arthur Azevedo estava em Juiz de Fora para apresentação da sua comédia ""O Dote"".",,
197,Arthur Azevedo literato,Correio de Minas,10091907,,1,"Arthur Azevedo estava em Juiz de Fora para apresentação da sua comédia ""O Dote"".",,
198,Arthur Azevedo literato,Correio de Minas,15091907,,1,"Arthur Azevedo estava em Juiz de Fora para apresentação da sua peça ""O Dote"".",,
199,Arthur Azevedo literato,Correio de Minas,22091907,,1,"Arthur Azevedo estava em Juiz de Fora para apresentação da sua comédia ""O Dote"".",,
200,Arthur Azevedo literato,Jornal do Commercio,11091907,,1,Palestra de Arthur Azevedo ao jornal O Paiz onde faz elogios a Juiz de Fora.,,
201,Arthur Bernardes político,O Dia,22051918,,1,Entrevista,O jornal O Dia é considerado o porta voz do bernardismo em Juiz de Fora,
202,Arthur Bernardes político,O Dia,23051918,,1,Entrevista.,,
203,Associação Comercial de Juiz de Fora,O Lince/O Lynce,00071967,,28,Os 70 anos da Associação Comercial.,,
204,Associação Comercial de Juiz de Fora,Jornal do Commercio,21081915,,1,Sobre as esculturas de Henrique Delfort na fachada da sede da entidade.,,
205,Associação dos Cronistas Esportivos,O Dia,01071921,,,2,História.,
206,Associação dos Empregados do Comércio,O Lince/O Lynce,23041929,,1,Inauguração da sede da Associação e celebração de seus 25 anos de fundação.,,
207,Associação dos Irmãos Artistas.,O Lince/O Lynce,27091925,,1,Construção da sede.,,
208,Associações (várias),Jornal do Commercio,20121912,,4,Artigos sobre diversas associações da cidade.,,
209,Augusto Franco literato,Jornal do Commercio,03061901,,1,Artigo sobre a saída de Augusto Franco do Jornal do Commercio de Juiz de Fora para assumir cargo no Diário de Minas em Belo Horizonte.,,
210,Augusto Franco literato,Jornal do Commercio,04061902,,1,Amigos ofereceram medalha.,,
211,Augusto Franco literato,Jornal do Commercio,01071903,,1,"Artigo: ""Crônicas Mineiras"".",,
212,Augusto Franco literato,Jornal do Commercio,02071903,,1,"Artigo: ""Crônicas Mineiras""",,
213,Augusto Franco literato,Jornal do Commercio,18011901,,1,"Início como cronista na coluna ""Rascunhos"".",,
214,Augusto Franco literato,Jornal do Commercio,03031901,,1,"Crônica: ""Juiz de Fora aos Domingos"".",,
215,Augusto Franco literato,Jornal do Commercio,07031901,,1,"Coluna: ""Ponto de Vista"".",,
216,Augusto Franco literato,Jornal do Commercio,30061901,,1,Notícias sobre a partida para Barbacena.,,
217,Augusto Franco literato,Jornal do Commercio,21041901,,1,Artigo sobre Silvio Romero.,,
218,Augusto Franco literato,Jornal do Commercio,04071900,,1,Críticas ao livro de José Rangel.,,
219,Augusto Franco literato,Jornal do Commercio,19011900,,1,"Coluna: ""Algumas Tiras"".",,
220,Augusto Franco literato,Correio de Minas,04041899,,1,"Coluna: ""Notas ligeiras"" com críticas ao ""Venegas"" (talvez Oscar Nogueira da Gama) cronista do Jornal do Commercio.",,
221,Augusto Franco literato,Correio de Minas,04041899,,1,"Na coluna ""Por Alto"" Heitor Guimarães sob o pseudônimo de Vaugirard rebate Augusto Franco (pseudônimo Aufra). ",,
222,Augusto Franco literato,Correio de Minas ,06041899,,1,Aufra (Augusto Franco) rebate Venegas (talvez fosse Oscar Nogueira da Gama).,,
223,Augusto Franco literato,Correio de Minas,08041899,,1,Vaugirard (Heitor Guimarães) põem fim a polêmica gramatical.,,
224,Augusto Franco literato,Jornal do Commercio ,03101900,,1,"Artigo sobre o livro ""Linhas de Crítica de Augusto Franco (Aufra).",,
225,Agostinho Pestana empresário político,O Lince/O Lynce,00121964,,27,,Proprietário da Vidraçaria Pestana.,
226,Deusdedit de Paula Teixeira Salgado (Deusdedit Salgado) construtor,Marília,abr.-maio1948,,23,Biografia e obra. Foto.,,
227,Dispensário Eduardo de Menezes,Jornal do Commercio,20091908,,2,Informações e fotos.,Material publicado nas edições de 20 e 22/09/1908 (o jornal não circulava as segundas-feiras).,
228,Dispensário Eduardo de Menezes,Jornal do Commercio,22091908,,2,informações e fotos.,Material publicado nas edições de 20 e 22/09/1908 (o jornal não circulava as segundas-feiras).,
229,Distritos Industriais em Juiz de Fora,O Lince/O Lynce,maio-jun.1972,,26,História.,Distrito Industrial de Juiz de Fora,
230,Distritos Industriais em Juiz de Fora,O Lince/O Lynce,00041975,,22-23,História.,Distrito Industrial de Benfica.,
231,Distritos Industriais em Juiz de Fora,O Lince/O Lynce,00031975,,25-27,História. Inauguração do Distrito Industrial de Benfica.,,
232,Ditadura Militar em Juiz de Fora,O Lince/O Lynce,00041964,,1-12,Edição especial sobre o Golpe Militar.,,
233,Divórcio,Jornal do Commercio,01091912,,1,Opinião dos juizforanos sobre o divórcio.,,
234,Divórcio,O Dia,17101926,,1,Artigo contra o divórcio.,,
235,Divórcio,O Dia,20101926,,1,Artigo contra o divórcio.,,
236,Justino José de Santana (d. Justino),O Dia,21011925,,1,Sagração do bispo d. Justino José de Santana,1º bispo da Diocese de Juiz de Fora.,
237,Justino José de Santana (d. Justino),O Lince/O Lynce,00051958,,40-A,Falecimento.,,
238,Domingos Vidal Barbosa Lage inconfidente,O Lince/O Lynce,00021963,,9,Inconfidente de Juiz de Fora.,,
239,Duarte de Abreu médico fazendeiro político,Correio da Tarde,02031907,,1,Foto de Duarte de Abreu em seu gabinete de trabalho.,,
240,Automóvel,O Lince/O Lynce,00081949,,7,Sobre o primeiro caminhão a gasolina de Juiz de Fora adquirido em 1912 pela Cia. Pantaleone Arcuri & Spineli. Foto.,,
241,Avenida Barão do Rio Branco/Rua Direita/Estrada do Paraibuna,O Lince/O Lynce,00101963,,12,Obras na avenida.,,
242,Cincinato Duque Bicalho músico,Jornal do Commerco,20021906,,1,Concerto de Duque Bicalho.,,
243,Cincinato Duque Bicalho músico,Jornal do Commercio,16021906,,1,Concerto de despedida de Juiz de Fora.,,
244,Edifício Ciampi,Correio de Juiz de Fora,29071929,,2,Família Ciampi começa a construção do primeiro arranha-céu da cidade.,,
245,Edifício Solar do Progresso,O Lince/O Lynce,00091966,,39,Propaganda do empreendimento.,,
246,Edmundo Lys (Antônio Gabriel de Barros Vale) literato,O Dia,20061926,,1,"Estréia de ""Sheherasade"". Foto de Edmundo Lys.",,
247,Edmundo Lys (Antônio Gabriel de Barros Vale) literato,Marília,00001942,,12-13,Texto sobre os inconfidentes Alvarenga e Cláudio.,,
248,Eduardo de Menezes médico,O Dia,29051923,,1,Falecimento.,,
249,Eduardo de Menezes médico,Jornal do Commercio,09021901,,5,Discurso de Eduardo de Menezes na fundação da Liga Mineira contra a Tuberculose.,,
250,Liga Mineira contra a Tuberculoso,Jornal do Commercio,09021901,,5,Discurso de Eduardo de Menezes na fundação da Liga Mineira contra a Tuberculose.,,
251,Educação em Juiz de Fora ,Jornal do Commercio,20121912,,4,Artigo sobre alguns colégios da cidade.,,
252,Educação em Juiz de Fora ,Jornal do Commercio,30031913,,1,Entrevista com José Rangel diretor dos Grupos Escolares (Grupo Central).,,
253,Educação em Juiz de Fora,Jornal do Commercio,01101926,,1,Editorial de Francisco Lins sobre educação nesta edição e nas anteriores.,,
254,Educação em Juiz de Fora,Jornal do Commercio,15021934,,1,O ensino primário em Juiz de Fora.,,
255,Educação em Juiz de Fora,Correio de Minas,14051920,,8,História da Educação em Juiz de Fora e Minas Gerais texto de Paulo Monte de Almeida.,,
256,Educação em Juiz de Fora,O Dia,01081920,,1,Início de série de artigos de José Rangel sobre o Ensino Normal em Minas Gerais.,,
257,Educação em Juiz de Fora,O Lince/O Lynce,00051963,,15,O ensino primário em Juiz de Fora.,,
258,Eloy de Andrade (Joaquim Eloy dos Santos Andrade) médico,Jornal do Commercio,20121912,,2,Foto.,,
259,Eloy de Andrade (Joaquim Eloy dos Santos Andrade) médico,Jornal do Commercio,08021916,,1,"Artigo: ""Grandeza da Província: decadência do Estado do Rio de Janeiro""","Este artigo foi publicado em várias edições sequenciais a saber: em fevereiro os dias: 11 12 18 19 25 e 26  março: 3 5 12 15 e 31  em junho: 8. Vale saber que esta série de artigos não está completa devido as falhas na coleção do Jornal do Commercio. Eloy de Andrade nasceu em 18/08/1843 na Vila de Iguaçu hoje Nova Iguaçu Rio de Janeiro. Foi médico escritor e vereador em Juiz de Fora. Faleceu em 06/12/1924. Está enterrado em Matias Barbosa.",
260,Eloy de Andrade (Joaquim Eloy dos Santos Andrade) médico,Jornal do Commercio,02091911,,1,"Artigo sobre a reabertura da Escola Normal. Ver também edição do dia 14/09/1911 para complementação deste artigo.",,
261,Eloy de Andrade (Joaquim Eloy dos Santos Andrade) médico,Jornal do Commercio,02121910,,1,Artigo sobre a Escola Normal.,,
262,Eloy de Andrade (Joaquim Eloy dos Santos Andrade) médico,Jornal do Commercio,05091900,,1,Artigo sobre o distrito de Matias Barbosa. ,Ver também a complementação deste artigo nas edições de 11 15 e 29 de setembro/1900.,
263,Avenida Barão do Rio Branco/Rua Direita/Estrada do Paraibuna,O Lince/O Lynce,abr.-maio1967,,25-27,"Projeto da ""nova avenida"".",,
264,Eloy de Andrade (Joaquim Eloy dos Santos Andrade) médico,Jornal do Commercio,12111915,,1,Artigo: Cemitério de Matias Barbosa.,,
265,Eloy de Araújo (José Eloy de Araújo) literato,Correio da Tarde,02101906,,1,"Artigo de Belmiro Braga sobre Eloy. Há outro artigo junto a este assinado por ""A"" (na última coluna da p. 1).",,
266,Eloy de Araújo (José Eloy de Araújo) literato,Correio da Tarde,04101906,,2,Convite para a Missa de 7º dia.,,
267,Enchentes em Juiz de Fora.,Jornal do Commercio,09011906,,1,Notícia da grande enchente de 1906.,Ver os jornais sequenciais sobre a inundação.,
268,Epaminondas Braga funcionário público,O Lince/O Lynce,00121963,,30,Biografia,,
269,Escola de Engenharia ,Silhueta,22081926,,14,Informações e foto de calouros da Escola de Engenharia na rua Halfeld.,,
270,Escola Estadual Antônio Carlos (antigo Grupo Escolar Antônio Carlos),Jornal do Commercio,25061929,,1,Artigo sobre a vinda do presidente Antônio Carlos Ribeiro de Andrada a Juiz de Fora para inaugurar três escolas: Grupo Escolar Antônio Carlos (bairro Mariano Procópio) Grupo Escolar Fernando Lobo (antigo Grupo Escolar de São Mateus no bairro São Mateus) e Grupo Escolar Duarte de Abreu (antigo Grupo Escolar do Botanágua no atual bairro Vitorino Braga).,,
271,Avenida Barão do Rio Branco/Rua Direita/Estrada do Paraibuna,O Lince/O Lynce,00081970,,26-27,Pavimentação/calçamento.,,
272,Avenida Barão do Rio Branco/Rua Direita/Estrada do Paraibuna,Correio de Minas,23071907,,1,Pavimentação/calçamento.,,
273,Avenida Brasil,O Lince/O Lynce,00051966,,12-13,Obras na avenida.,,
274,Avenida Brasil,Correio de Minas,31121941,,3,Projeto de saneamento e aterro das margens do rio Paraibuna.,,
275,Avenida Brasil,O Lince/O Lynce,00031963,,21,1ª conferência sobre o planejamento da avenida Marginal (avenida Brasil).,Avenida Marginal foi a primeira denominação pensada para a avenida Brasil.,
276,Avenida Brasil,O Lince/O Lynce,00071963,,4,Obras em ritmo acelerado.,,
277,Avenida Presidente Itamar Franco (Avenida Independência),O Lince/O Lynce,00061966,,10,Foto da região do Clube Caiçaras.,,
278,Avenida Presidente Itamar Franco (Avenida Independência),O Lince/O Lynce,00051965,,1,Foto (capa) das obras na região do Colégio dos Jesuítas.,,
279,Avenida Presidente Itamar Franco,O Lince/O Lynce,00071970,,10-11,Monumento no entroncamento da Avenida Independência com Avenida Barão do Rio Branco.,,
280,Azevedo Júnior (José Maria Teixeira de Azevedo Júnior) jornalista abolicionista,Jornal do Commercio,01051909,,1,Falecimento no Rio de Janeiro.,,
281,Bairú bairro/Parque Bairú,O Lince/O Lynce,00051950,,102,Propaganda do loteamento Parque Bairú (bairro Bairú),,
282,Bairú bairro/Parque Bairú,O Lince/O Lynce,ago.-set.1976,,80,História do bairro.,,
283,Bancas de jornais e revistas,O Lince/O Lynce,29021936,,1,"Artigo: ""O trambolho da rua Halfeld"".",,
284,Bancas de jornais e revistas,O Lince/O Lynce,2ª quinzena de 021937,,1,"Retirada da ""estante de jornais"" da rua Halfeld.",PROBLEMAS COM LANÇAMENTO DA DATA,
285,Bancos,Jornal do Commercio,20121913,,27,Foto do Banco de Crédito Real de Minas Gerais (Credireal).,,
286,Barão de Santa Mafalda (José Maria de Cerqueira Valle),Jornal do Commercio,07011904,,1,Falecimento.,,
287,Barão de São Marcelino (Marcelino de Assis Tostes),Jornal do Commercio,14051913,,1,Biografia.,,
288,Belmiro Braga cidade,O Dia,08071917,,2,História do antigo distrito de Vargem Grande.,,
289,Belmiro Braga escritor,Jornal do Commercio,17051897,,1,Poesia.,,
290,Belmiro Braga escritor,Jornal do Commercio,01061897,,1,Poema.,,
291,Belmiro Braga escritor,Correio da Tarde,16021907,,1,Foto.,,
292,Belmiro Braga escritor,Correio da Tarde,24041907,,1,"Poesia: ""Oscar da Gama"".",,
293,Belmiro Braga escritor,Jornal do Commercio,12051912,,1,Artigo sobre Mariano Procópio.,,
294,Belmiro Braga escritor,Jornal do Commercio,24031911,,1,Chegada de Silvio Romero em Juiz de Fora. Belmiro Braga publica poema ,,
295,Belmiro Braga escritor,Jornal do Commercio,01061913,,1,Poema.,,
296,Belmiro Braga escritor,Jornal do Commercio,10061913,,1,Poema.,,
297,Belmiro Braga escritor,Jornal do Commercio,20121913,,31,Foto.,,
298,Belmiro Braga escritor,Jornal do Commercio,18021915,,1,Candidatura de Belmiro Braga a deputado estadual.,,
299,Belmiro Braga escritor,Jornal do Commercio,09031915,,1,Candidatura a deputado estadual.,,
300,Belmiro Braga escritor,Jornal do Commercio,14051913,,1,"Poema: ""Barão de São Marcelino"".",,
301,Belmiro Braga escritor,O Lince/O Lynce,00111937,,3,Artigo de João Paraguassú.,,
302,Belmiro Braga escritor,Jornal do Commercio,11101903,,1,"A partir deste dia Belmiro Braga passou a escrever na coluna ""Aos Domingos"".",,
303,Belmiro Braga escritor,Jornal do Commercio,18101903,,1,"Coluna: ""Aos Domingos"".",,
304,Belmiro Braga escritor,Jornal do Commercio,25101903,,1,"Coluna: ""Aos Domingos"".",,
305,Belmiro Braga escritor,Jornal do Commercio,01111903,,1,"Coluna: ""Aos Domingos"".",,
306,Belmiro Braga escritor,Jornal do Commercio,08111903,,1,"Coluna: ""Aos Domingos"".",,
307,Belmiro Braga escritor,Jornal do Commercio,15111903,,1,"Coluna: ""Aos Domingos"".",,
308,Belmiro Braga escritor,Jornal do Commercio,22111903,,1,"Coluna: ""Aos Domingos"".",,
309,Belmiro Braga escritor,Jornal do Commercio,29111903,,1,"Coluna: ""Aos Domingos"".",,
310,Bandas de Música,O Lince/O Lynce,00051950,,17,1ª banda de música da região de Juiz de Fora ficava na Freguesia de Simão Pereira no ano de 1846.,,
311,Belmiro Braga escritor,Jornal do Commercio,06121903,,1,"Coluna: ""Aos Domingos"".",,
312,Belmiro Braga escritor,Jornal do Commercio,13121903,,1,"Coluna: ""Aos Domingos"".",,
313,Belmiro Braga escritor,Jornal do Commercio,20121903,,1,"Coluna: ""Aos Domingos"".",,
314,Belmiro Braga escritor,Jornal do Commercio,27121903,,1,"Coluna: ""Aos Domingos"".",,
315,Belmiro Braga escritor,Jornal do Commercio,10011904,,1,"Coluna: ""Aos Domingos"".",,1
316,Belmiro Braga escritor,Jornal do Commercio,26021905,,1,"Coluna: ""Aos Domingos"".",,
317,Belmiro Braga escritor,Jornal do Commercio,08011933,,1,"Artigo: ""Pobre lavoura"".",,
318,Belmiro Braga escritor,O Lince/O Lynce,00031963,,10-19,Onofre de Andrade relata a amizade que teve com Belmiro Braga.,,
319,Belmiro Braga escritor,Marília,00041915,,21  24,Poema.,,
320,Belmiro Braga escritor,Jornal co Commercio,03041914,,2,"Coluna: ""Onde se diverte"" Belmiro Braga se apresentou tocando cavaquinho no intervalo de apresentação teatral.",,
321,Edmundo Lys (Antônio Gabriel de Barros Vale) literato,O Lince/O Lynce,00051968,,32-33  70,Edmundo Lys escreve sobre Albino Esteves,,
322,Silva Mendes artista plástico aquarelista,A Propaganda,20101887,,1 3,Anunciada a estadia na cidade do aquarelista e paisagista Silva Mendes.,,
323,Cine Excelsior,O Lince/O Lynce,00011958,,33,Destaca a inauguração que foi em 7 de fevereiro de 1958. Tem caricatura de Mauricio Procópio Teixeira feita por Manoel Gonçalves Carriço. História dos cinemas em Juiz de Fora.,,
324,Cine Popular,O Lince/O Lynce,00011958,,33,Reabertura do Cine Popular no dia 20 de janeiro. História dos cinemas em Juiz de Fora.,,
325,Escola Estadual Fernando Lobo (antigo Grupo Escolar de São Mateus),O Dia,08011917,,1,Importância da instalação do Grupo Escolar. história dos colégios e história do bairro.,,
326,Escola Estadual Fernando Lobo (antigo Grupo Escolar de São Mateus),O Dia,10011917,,1,História.,,
327,Escola Estadual Fernando Lobo (antigo Grupo Escolar de São Mateus),O Dia,30061918,,1-2,História do Grupo e foto.,,
328,Escola Estadual Fernando Lobo (antigo Grupo Escolar de São Mateus),Jornal do Commercio,25061929,,1,Vinda do presidente Antônio Carlos Ribeiro de Andrada a Juiz de Fora para a inauguração no dia 26/06/1929 dos prédios dos três grupos escolares: São Mateus (atual Escola Estadual Fernando Lobo) Grupo Escolar Antônio Carlos (Escola Estadual Antônio Carlos) e Grupo Escolar do Botanágua (Escola Estadual Duarte de Abreu).,,
329,Escola Estadual Fernando Lobo (antigo Grupo Escolar de São Mateus),Jornal do Commercio,07051933,,1,Comemoração do 16º aniversário do Grupo Escolar. Ver as próximas edições deste jornal.,,
330,Escola Italiana (Scuola Italiana),Gazeta da Tarde,23011889,,1 3,Informações sobre o início de funcionamento da Scuola Italiana Umberto I no dia 1/10/1889 na rua do Imperador (atual avenida Getúlio Vargas). ,Foi criada pela Società di Beneficenza Italiana Umberto I entidade fundada em Juiz de Fora em 30/10/1887.,
331,Escola Italiana (Scuola Italiana),O Lince/O Lynce,26111938,,2,"Artigo elogiando a apresentação da opereta ""Fantasia Zingaresca"" na Escola Umberto I que funcionava neste ano na Casa D'Italia.",A Escola Umberto I já funcionava na Casa D'Italia em 1938. A Casa D'Itália foi inaugurada em nov. de 1939 provavelmente esta escola foi transferida 1 ano antes da inauguração. Tinha 100 alunos e o diretor era Emilio Graziano. ,
332,Escola Normal Santa Cruz,Marília,00041915,,15,História e fotos.,,
333,Escola pública,Diário de Minas,03081889,,1,Exame na escola pública.,,
334,Escola pública,Correio de Minas,07061925,,1,Inauguração do Jardim da Infância (Escola Infantil Mariano Procópio) localizado no Jardim Riachuelo (Largo do Riachuelo). ,,
335,Estação Ferroviária (localizada na Praça da Estação Centro),Jornal do Commercio,12061906,,1,Inauguração das novas instalações com energia elétrica da Estação da Central.,,
336,Estação Ferroviária (localizada na Praça da Estação Centro),Jornal do Commercio,16061906,,1,Descrição da arquitetura do prédio recém inaugurado da Estação Central do Brasil.,,
337,Estação Ferroviária (localizada na Praça da Estação Centro),Jornal do Commercio,20121913,,12,Fotografia.,,
338,Estação Ferroviária de Mariano Procópio,Correio de Minas,08061906,,1,"Efemérides locais encontraram uma placa de metal de 20/3/1860 com descrição relativa à ""pedra fundamental' da antiga Estação da União e Indústria no Mariano Procópio.",,
339,Estevão de Oliveira (Estevam de Oliveira),Juiz de Fora,03081893,,2,Estevão aparece assinando como agente fiscal de imigração de Juiz de Fora.,,
340,Estevão de Oliveira (Estevam de Oliveira),Juiz de Fora,27081893,,1,"Artigo escrito por Estevam sobre a ""lei de Imigração de 1892-1893"".",,
341,Estevão de Oliveira (Estevam de Oliveira),Jornal do Commercio,27071900,,1-2,Artigo de Estevam sobre o ensino para estrangeiros.,,
342,Estevão de Oliveira (Estevam de Oliveira),Correio de Minas,12081926,,1,Falecimento.,,
343,Estevão de Oliveira (Estevam de Oliveira),O Dia,12081926,,1,Falecimento.,,
344,Estevão de Oliveira (Estevam de Oliveira),Correio de Minas,07061912,,1,"""Um polemista mineiro"" artigo de Sílvio Romero sobre Estevam de Oliveira.",O artigo se estende entre as edições de 7 a 21/06/1912 sempre a página 1.,
345,Estevão de Oliveira (Estevam de Oliveira),Correio de Minas,21091918,,2,"""Ensino público"" artigo de Estevam de Oliveira. ",,
346,Estevão de Oliveira (Estevam de Oliveira),Correio de Minas,20091918,,1-2,Ensino público.,,
347,Estevão de Oliveira (Estevam de Oliveira),Correio de Minas,19091912,,2,Ensino público.,,
348,Estevão de Oliveira (Estevam de Oliveira),Jornal do Commercio,12051903,,1,Artigos sobre Estevam de Oliveira.,Os artigos publicados pelo Correio de Minas foram republicados pelo Jornal do Commercio nas suas edições de 12 13 21 e 23 de maio de 1903. ,
349,Estevão de Oliveira (Estevam de Oliveira),Jornal do Commercio,05031910,,2,"Coluna: ""A pedidos"" artigo: ""O Major"". Artigo de Etelvino Tostes fazendo sérias críticas a Estevam de Oliveira.",,
350,Estevão de Oliveira (Estevam de Oliveira),Jornal do Commercio,15091897,,1,Carta de F. Mendes Pimentel para Estevam de Oliveira.,,
351,Estevão de Oliveira (Estevam de Oliveira),O Dia,22041923,,1,Morte de Itagyba de Oliveira filho de Estevam de Oliveira.,"Estevam de Oliveira era irmão de Lauro de Oliveira que assinava com o pseudônimo ""O imparcial"" entre 1914-1918 aproximadamente.",
352,Estevão de Oliveira (Estevam de Oliveira),O Dia,23121926,,1,Criação do Grupo Escolar Estevam de Oliveira. História dos colégio de Juiz de Fora.,,
353,Estevão de Oliveira (Estevam de Oliveira),Jornal do Commercio,04071900,,1,"Início da série de artigos ""Ensino Primário"".",Demais artigos da série foram publicados nas seguintes datas: 4 e (?) de julho  25 27 de setembro  5 6 e 11 de outubro. ,
354,Estrada de Ferro Central do Brasil - E.F.C.B.,Jornal do Commercio,20121913,,12-13,Histórico geral da E.F.C.B. e histórico em Juiz de Fora.,,
355,Exército em Juiz de Fora,Correio de Minas,01011920,,2,História da instalação do 10º Regimento de Infantaria em Juiz de Fora.,,
356,Exposição Agropecuária de Juiz de Fora,O Lince/O Lynce,18061938,,3,Propaganda da 2ª Exposição Agropecuária que foi realizada entre 3 e 10 de julho de 1938.,,
357,Exposição Agropecuária de Juiz de Fora,Panorama,27032005,,2,Artigo de wilson Cid informa que a 1ª Exposição Agropecuária de Juiz de Fora foi realizada em maio de 1937.,,
358,Exposição Agropecuária de Juiz de Fora,Jornal do Commercio,01101926,,1,Inauguração da Exposição Industrial e Agrícola de Juiz de Fora. ,,
359,Fábrica bairro,O Lince/O Lynce,00041958,,16-17,História do bairro.,,
360,Fábrica bairro,O Lince/O Lynce,00071964,,9,História do bairro.,,
361,FACIT,O Lince/O Lynce,00101961,,2,Inauguração da fábrica.,Inauguração da fábrica em Juiz de Fora na data de 13/10/1961.,
362,Fascismo,Jornal do Commercio,03081926,,1,Instalação do Fascio na cidade. A diretoria era composta por italianos residentes em Juiz de Fora.,,
363,Fascismo,Jornal do commercio,05121926,,1,Charge de Angelo Bigi criticando o antifascismo.,,
364,Fascismo,Jornal do Commercio,08011927,,1,A Itália fascista.,,
365,Fascista,Jornal do Commercio,25021927,,1,O fascismo e os italianos no exterior.,,
366,Fascismo,Jornal do Commercio,25021927,,1,O fascismo e os italianos nos exterior.,"Ver: Monografia: ""Ação Integralista Brasileira: seus reflexos em Juiz de Fora"". autor: Maurício de Castro Corrêa. UFJF - DCE - 1973.",
367,FACIT,O Lince/O Lynce,00101961,,2,Inauguração.,Empresa fundada em 1922 na Suíça e encerrou as atividades em 1998.,
368,Fazenda da Borda do Campo,Jornal do Commercio,04071911,,1,História.,Localizada no município de Antônio Carlos Campo das Vertentes.,
369,Fazenda da Cachoeira,Jornal do Commercio,23051908,,2,Edital de Praça. História.,Localizada em São Francisco de Paula (atual distrito de Torreões)  pertenceu a Manoel Honório de Campos.,
370,Fazenda da Divisa,Jornal do Commercio,23051908,,2,Ver o Edital de Praça. Localizada onde hoje está os bairros Manoel Honório Bairú Progresso etc. Pertencia ao Manoel Honório de Campos.,,
371,Fazenda da Paciência,Jornal do Commercio,09011906,,1,História.,História. Localizada em Matias Barbosa.,
372,Fazenda da Piedade,Jornal do Commercio,11011906,,,História.,,1
373,Fazenda Quinta da Conceição.,Jornal do Commercio,11011906,,1,História.,Em 1911 pertencia ao cel. Francisco Eugênio de Rezende.,
374,Fazenda de Santo Antônio,Jornal do Commercio,05011906,,2,História.,Em 1911 pertencia ao dr. Saint Clair de Miranda Carvalho.,
375,Fazenda de São Luiz,Jornal do Commercio,11011906,,1,História.,Localizada no distrito de Sarandira.,
376,Fazenda do Belmonte,Diário de Minas,29071889,,2,Edital de venda da fazenda.,Pertenceu ao conde de Cedofeita. Em 1922 foi a leilão.,
377,Fazendo do Juiz de Fora,O Lince/O Lynce,00051950,,28,História e foto da sede da fazenda.,Foi demolida em 1942. Localizada provavelmente onde hoje está a boite Sayonara.,
378,Fazenda Monte Alegre,Jornal do Commercio,09011906,,2,História.,,
379,Fazenda  Pouso Alegre,Jornal do Commercio,23051908,,2,Edital de Praça. ,Localizada no distrito de Sarandira. Em 1908 pertencia ao Manoel Honório de Campos. ,
380,Fazenda Salvaterra,Jornal do Commercio,05011906,,2,História.,Em 1911 pertencia ao cel. João Gualberto de Carvalho.,
381,Fazenda São Lourenço,Jornal do Commercio,23051908,,2,Edital de Praça.,Localizada no distrito de Sarandira. Pertenceu ao Manoel Honório de Campos.,
382,Fazenda São Mateus,Jornal do Commercio,05011906,,2,História.,Pertenceu ao Cândido Teixeira Tostes. Foi a mais produtiva fazenda cafeeira de Minas Gerais entre 1905 e 1925. Getúlio Vargas passou alguns de seus aniversários nesta fazenda.,
383,Fazenda São Mateus,Jornal do Commercio,29041913,,1,"Artigo: ""Salvaterra"". Descrição da sede da fazenda que estava em reforma. ",,
384,Fazenda São Mateus,Jornal do Commercio,24091933,,2,Inauguração da capela.,,
385,Fazenda São Mateus,Jornal do Commercio,08021934,,1,Visita do presidente Antônio Carlos Ribeiro de Andrada.,Localizada na estrada de acesso ao distrito de Torreões em prosseguimento ao município de Rio Fico dista 12 km de Juiz de Fora. A fazenda originária de uma sesmaria teve como fundador Matias Barbosa da Silva em 09/03/1709. Também foi proprietário Manoel do Vale Amado e por sua morte a viúva dele que posteriormente a vendeu para José Ignácio Nogueira da Gama.,
386,Fazendas antigas,Jornal do Commercio,20121913,,25,Foto. Pertencia a Francisco de Paula Almeida. Situada em Ferreira Lage (hoje município de Goianá).,,
387,Feira Livre,O Dia,09071924,,1,Instalação da Feira Livre em Juiz de Fora.,,
388,Feira Livre,O Dia,17071924,,2,Instalação da Feira Livre.,,
389,Feira Livre,O Dia,20071924,,1,Instruções para o funcionamento da Feira Livre.,,
390,Feira Livre,O Lince/O Lynce,29061924,,2,História. Início de funcionamento.,,
391,Feira Livre,O Lince/O Lynce,27071924,,1,História. Início de funcionamento.,,
392,Feira Livre,O Lince/O Lynce,02051925,,1,História.,,
393,Feira Livre,O Dia,05051925,,1,Atacadistas querem o fim da Feira Livre.,,
394,Feira Livre,O Dia,29051925,,1,Varejistas querem o fim da Feira Livre.,,
395,Feira Livre,Jornal do Commercio,27071926,,1,História.,,
396,Feira Livre,Diário da Tarde,31051968,,,Publicado um Caderno Especial. História.,,
397,"Casa d""Italia",O Lince/O Lynce,jul.-ago./1957,,28-29,Benjamin Colucci foi eleito presidente provisório da Società Italiana (que administrava a Casa d'Italia em agosto de 1957),,
398,Feira Livre,O Lince/O Lynce,30091933,,2,Discussão sobre a mudança da Feira Livre da Praça João Penido para outro lugar.,,
399,Fernando Lobo,Jornal do Commercio,21021918,,1,Artigo sobre o falecimento de Fernando Lobo e biografia. Foi diretor do banco de Credito Real de Minas Gerais - Credireal. ,,
400,Fernando Lobo,Jornal do Commercio,21021918,,1,Artigo sobre o falecimento de Fernando Lobo e biografia. Foi diretor do banco de Credito Real de Minas Gerais - Credireal. ,,
401,Festa das Nações,O Lince/O Lynce,00111965,,18,História. 1ª Festa das Nações. Fotos.,,
402,Festa das nações,O Lince/O Lynce,nov.-dez./1960,,51,História. 2ª Festa das Nações.,,
403,Festiva de Cinema Brasileiro de Juiz de Fora,O Lince/O Lynce,00051966,,44,História. 1º Festival de Cinema Brasileiro de Juiz de Fora.,,
404,Festival de Música Popular Brasileira de Juiz de Fora,O Lince/O Lynce,00101971,,16,Fotos do 4º Festival.,,
405,Festiva de Música Popular Brasileira de Juiz de Fora,O Lince/O Lynce,00091972,,37,Fotos do 5º Festival de Música Popular Brasileira de Juiz de Fora.,,
406,Franceses em Juiz de Fora,Juiz de Fora,16071893,,2,Artigo afirma que a colônia francesa de Juiz de Fora - composta de 7 pessoas -  comemorava o 14 de julho.,,
407,Camillo Legèr,Jornal do Commercio,03021914,,1,Artigo afirma que Camillo Legér vivia há anos em Juiz de Fora era boêmio solteiro. Foi esfaqueado em sua casa no bairro Três Pontes região da saída de Juiz de Fora no sentido de Matias Barbosa na estrada de rodagem União e Indústria.,,
408,Francisco Bernardino Rodrigues Silva advogado e político,O Dia,18041920,,1,Falecimento.,,
409,Francisco de Campos Valadares político empresário,Jornal do Commercio,30101910,,1,Matéria relativa ao retorno à Juiz de Fora após temporada na Europa. Foto.,,
410,Francisco de Campos Valadares,Jornal do Commercio,24011912,,1,Artigo de Sylvio Romero elogiando Francisco Valladares na época candidato a deputado federal.,,
411,Francisco de Campos Valadares,Jornal do Commercio,18011915,,,Manifesto e foto como candiadato a deputado federal. ,Francisco Valadares era proprietário-fundador do Jornal do Commercio (de Juiz de Fora) entre outros periódicos que possuiu na cidade.,
412,Francisco Lins literato.,Jornal do Commercio,27051898,,1,"Coluna: ""Por Alto"" de Vaugirard (pseudônimo de Heitor Guimarães) apresenta crítica ao livro de ""Versos"" de Francisco Lins.",,
413,Francisco Lins literato,Jornal do Commercio,29051898,,1,"Na coluna ""Por Alto"" Vaugirard (pseudônimo de Heitor Guimarães) apresenta sua crítica ao livro ""Versos"" de Francisco Lins.",,
414,Francisco Lins literato,Jornal do Commercio,24051912,,1,Informa sobre a viagem de Francisco Lins à Europa.,,
415,Francisco Mariano Halfeld,Jornal do Commercio,18081901,,1,Biografia. O artigo ressalta que foi nesta época que a Câmara Municipal rebatizou o Jardim Municipal ou Praça Municipal como Praça Coronel Francisco Mariano Halfeld popularmente conhecido como Parque Halfeld.,O coronel Francisco Mariano Halfeld era filho de Henrique Guilherme Fernando Halfeld. A homenagem prestada pela Câmara se fundamentou no fato de Francisco Halfeld ter pago todos os custo da reforma do Jardim Municipal em 1901. O benfeitor faleceu entretanto sem conhecer a praça remodelada e renomeada.,
416,Francisco Mariano Halfeld,Diário da Tarde,03051969,,4,Biografia.,,
417,Francisco Sousasaux fotógrafo,Jornal do Commercio,06051903,,1,"Informa sobre a produção do ""Álbum de Minas"" de autoria do português Francisco Soucasaux. Álbum que abordaria Belo Horizonte e outras cidades de Minas Gerais estava quase pronto. Biografia de F. Soucasaux.",,
418,Francisco Soucasaux fotógrafo,Jornal do Commercio,15091903,,1,"Matéria registra a revolta de pessoas que investiram na publicação do ""Álbum de Minas"" e não tem o material editado.",Matéria sobre o caso foi igualmente publicada nas  edições de 17 e 18 de setembro de 1903.,
419,Francisco Saucasaux fotógrafo,Jornal do Commercio,25061905,,1,"Artigo sobre o ""Álbum de Minas"".",Augusto Saucasaux irmaõ de Francisco Saucasaux assumiu a edição do album após o falecimento do irmão.,
420,Francisco Saucasaux fotógrafo,Correio da Tarde,24091906,,1,No editorial diz que Francisco Saucasaux estudou no Rio de Janeiro.,,
421,Francisco Valle maestro,Jornal do Commercio,20101906,,1,"Artigo: ""O Dia"" trata de Francisco Valle sobre o falecimento do maestro em 10/10/1906 (suicidou pulando da ponte Carlos Otto).",,
422,Francisco Valle maestro,Jornal do Commercio,05041900,,1,Elogios a obra de Francisco Valle.,,
423,Francisco Valle maestro,O Dia,17051923,,1,Artigo de Américo Pereira (do Instituto Nacional de Música).,Artigos publicados nas edições de 17 18 20 22 e 24 de maio e terminando 05/06/1923.,
424,Francisco Valle maestro,Jornal do Commercio,29101899,,1,"Artigo: ""Exaltação de A.T. ao maestro"".",,
425,Cinema (espaço de exibição),Jornal do Commercio,06081908,,2,"Coluna ""Onde se diverte"": Propaganda do Cinematógrafo Brasil.",,
426,Alemães imigração,Jornal do Commercio,06051908,,1,"No final da 6ª coluna ver: falecimento do ""velho"" Frederico Daibert um dos mais antigos moradores da cidade. Veio como imigrante alemão nos tempos de Mariano Procópio. Residia na rua do Botanágua.",,
427,Frateschi Natale,Jornal do Commercio,11051932,,1,Artigo interessante sobre o trabalho de Frateschi. Italiano proprietário da Casa São Pedro (marmoraria) na rua Osório de Almeida 150.,,
428,Futebol,Jornal do Commercio,18091904,,2,1ª notícia sobre a fundação de um clube de futebol em Juiz de Fora.,"A 1ª partida de futebol em Juiz de Fora aconteceu no colégio Granbery no dia 24/06/1893 (cf. livro ""História e memórias do esporte em Minas Gerais"". Carlos Fernando F. da Cunha Júnior (org.). Juiz de Fora: Editora da UFJF 2011 p. 24.).",
429,Futebol,Correio de Minas,14051920,,4,História.,,
430,Galeria Ali Halfeld,Correio de Minas,11041931,,1,Discussão sobre a urbanização nos arredores do Cine-Theatro Central.,,
431,Galeria Pio X,Correio de Minas,29031925,,1,Inauguração da fachada da galeria para rua Halfeld.,,
432,Galeria Pio X,O Dia,08011927,,2,"Abertura da ""passagem"" da galeria.",,
433,Galeria Pio X,Jornal do Commercio,25021927,,1,Inauguração da iluminação.,No jornal Correio de Minas 14/02/1941 p. 1 tem entrevista com o empresário Arthur Vieira construtor da galeria e Rafael Arcuri autor do 2º projeto das duas fachadas (frente para rua Halfeld e rua Marechal Deodoro.).  ,
434,Galerias de Juiz de Fora,O Lince/O Lynce,00061964,,17,História das galerias de Juiz de Fora.,,
435,Garganta do Dilermando,O Lince/O Lynce,00031972,,29,"""Garganta"" - uma atração turística no futuro. Foto.",,
436,Garganta do Dilermando,O Lince/O Lynce,00101963,,12,A avenida vai ser prolongada.,"O engenheiro Waldemar Bracher foi o responsável pelo projeto de abertura da ""garganta"". Waldemar é pais dos artistas plásticos Carlos Nivea e Décio Bracher.",
437,Gays (homosexualidade  LGBTTI),Jornal do Commercio,31071903,,1,O caso da mulher-homem.,,
438,Gays (homosexualidade  LGBTTI),Jornal do Commercio,01081903,,1,O caso da mulher-homem.,,
439,Gays (homosexualidade  LGBTTI),Jornal do Commercio,22091904,,1,O caso da mulher-homem.,,
440,Geralda Armond (Geralda Ferreira Armond Marques),O Lince/O Lynce,00011958,,4,Casamento de Geralda com Zacarias Marques - tenor do Theatro Municipal do Rio de Janeiro - em 1957.,,
441,Geralda Armond (Geralda Ferreira Armond Marques),O Lince/O Lynce,00061957,,1 5,Casamento de Geralda Armond e Zacarias Marques em 1957. Foto.,,
442,Gilberto de Alencar,Jornal do Commercio,31101926,,2,"Homenagem a Gilberto de Alencar por ocasião do lançamento do livro ""Cidade do Sonho e da Melancolia"".",,
443,Golpe de 1964,O Lince/O Lynce,00041964,,1-11,Início do movimento em Juiz de Fora.,,
444,Grajaú bairro,O Lince/O Lynce,00021958,,13,História.,O bairro Grajaú foi loteado no local onde era a Chácara de Antônio Caetano de Andrade e Maria Ilídia Rezende de Andrade (pais do ex-prefeito de Juiz de Fora Adhemar Rezende de Andrade). O loteador do bairro foi Alonso Ascenção de Oliveira.,
445,Grajaú bairro,O Lince/O Lynce,ago.-set./1976,,80,História.,,
446,Colégio Granbery,Jornal do Commercio,05061906,,1,Colação de Grau dos primeiros bacharéis do Ginásio Granbery. Fotos.,,
447,Colégio Granbery,Jornal do Commercio,20041907,,1,Morte do bispo metodista J. C. Granbery ocorrida nos Estados Unidos.,,
448,Grupo Escolar de Matias Barbosa,Jornal do Commercial,20121913,,8,História. Foto.,,
449,Grupo Escolar Estevão de Oliveira,O Dia,23121926,,1,Decreto de criação do Grupo Escolar Estevão de Oliveira. Consta nome de professoras destinadas as aulas no horário noturno.,,
450,Gudesteu Mendes,O Lince/O Lynce,00111963,,18,Em entrevista Gudesteu Mendes relata sobre a decadência do rádio em Juiz de Fora.,,
451,Guerrilha do Caparaó,O Lince/O Lynce,abr.-maio/1967,,42,A procura de guerrilheiros do Caparaó.,,
452,Guerrilha do Caparaó,O Lince/O Lynce,set.-out./1967,,12-A,Guerrilheiros são julgados em Juiz de Fora.,,
453,Guima (João Guimarães Vieira) artista plático,O Lince/O Lynce,00011960,,8,Biografia e Foto.,Nasceu em Petagna - RJ em 17/10/1920. Faleceu em 28/05/1996. ,
454,Henrique Guilherme Fernando Halfeld ,O Dia,15061921,,1,"Reproduz a carta de Henrique Halfeld à sobrinha alemã Matilde em 1866 onde ele diz que ""fundou"" a cidade de Juiz de Fora. Traduzida por Carlos Otto Halfeld neto de Henrique Halfeld.",,
455,Henrique Guilherme Fernando Halfeld,O dia,26111923,,1,Biografia. Cinquentenário de nascimento de Henrique Halfeld.,,
456,Heitor Guimarães jornalista,O Lince/O Lynce,nov.-dez/1949,,10,Biografia.,,
457,Heitor Guimarães jornalista,O Lince/O Lynce,00121949,,16,Biografia.,,
458,Heitor Guimarães jornalista,O Lince/O Lynce,00011950,,14,Biografia.,,
459,Heitor Guimarães jornalista,O Lince/O Lynce,00021950,,19,Biografia.,,
460,Heitor Guimarães jornalista,O Lince/O Lynce,00051950,,10-13,Biografia.,,
461,Heitor Guimarães jornalista,Jornal do Commercio,20121896,,1,"Primeira coluna ""Por Alto"" de Heitor Guimarães que assinava com o pseudônimo Vaugirard.",,
462,Heitor Guimarães jornalista,Jornal do Commercio,21021897,,1,"Na coluna ""Por Alto"" Heitor Guimarães faz críticas ao Positivismo.","A coluna ""Por Alto"" foi publicada pelo Jornal do Commercio da edição nº 1 até o n° 520  de 20/12/1896 a 01/06/1898. A coluna reapareceu em 15/08/1902 p. 1 no mesmo jornal.",
463,Heitor Guimarães jornalista,Correio de Minas,25061898,,1,"Coluna: ""Por Alto"" Heitor Guimarães comenta a sua saída do Jornal do comércio.","A partir de 25/06/1898 a coluna ""Por Alto"" passou a ser publicada pelo Correio de Minas.",
464,Heitor Guimarães jornalista,Jornal do Commercio,19101919,,1,Artigo sobre a queda Da Ponte de Bom Sucesso em Sobragy.,,
465,Heitor Guimarães jornalista,Correio de Minas,04041899,,1-2,"Na coluna ""Notas Ligeiras"" assinada por Aufra (Augusto Franco) começa crítica a Venegas (talvez seja o pseudônimo D. Venégas usado por Oscar Nogueira da Gama) do Jornal do Commercio.",,
466,Heitor Guimarães jornalista,Correio de Minas,04041889,,1,"No artigo ""Cafunés"" D. Venégas no Diário da Tarde (04/04/1889) polemiza com Aufra (Augusto Franco) do Correio de Minas do mesmo dia.",,
467,Heitor Guimarães jornalista,Correio de Minas,06041899,,1,"Aufra rebate D. Venégas em relação a coluna ""Notas Ligeiras"" e  ao artigo ""Cafuné"" (D. Venégas) no Diário da Tarde de 04/04/1899 p. 1.",,
468,Heitor Guimarães jornalista, Correio de Minas,08041899,,1,Vaugirard (Heitor Guimarães) põem fim a polêmica gramatical com Aufra (Augusto Franco) nas páginas dos jornais. ,Heitor Guimarães vivia no Rio de Janeiro quando em 1896 voltou para Juiz de Fora.,
469,Angelo Bigi artista plástico,O Lince/O Lynce,00121950,,5,Caricatura de Angelo Bigi feita por Manoel Carriço. Nela Bigi está entre os artistas Sílvio Aragão e Américo Rodrigues.,,
470,Américo Rodrigues Lima artista plástico,Diário da Tarde,30051969,,7,Biografia.,Américo Rodrigues Lima é o fundador da Sociedade de Belas Artes Antônio Parreiras.,
471,Américo Rodrigues Lima artista plástico,O Lince/O Lynce,00121950,,5,Caricatura de Américo Rodrigues feita por Manoel Carriço. nela Américo Rodrigues está entre os artistas Angelo Bigi e Sílvio Aragão.,,
472,Carlos Gonçalves artista plástico,O Lince/O Lynce,00011950,,11,Caricatura de Carlos Gonçalves feita por Manoel Carriço.,,
473,Heitor Guimarães jornalista,Marília,00041915,,6,Artigo sobre savoir-vivre.,,
474,Heitor Guimarães jornalista,Jornal do Commercio,06041897,,1,Autobiografia. relata o período em que viveu no Rio de Janeiro.,"Ler coluna ""Por Alto"".",
475,Hermann Erhardt fotógrafo,Jornal do Commercio,29091907,,3,Tem propaganda da Typographia Brazil. nela diz que era o 1º estabelecimento de esteriotipagem de Minas Gerais. Localizava-se na rua Halfeld 70.,,
476,Hermann Erhardt fotógrafo,Marília,00021942,,18-19,História da Typographia Brazil. Fotos,Hermann Erhardt é filho de G. Hermann Erhardt.,
477,Henrique Surerus comerciante,Correio de Minas,31121936,,4,Biografia e história da Casa Surerus.,,
478,Hermann M. Goergen,Diário Mercantil,10091964,,6,,Herman M. Goergen nascido em 23/12/1908 era judeu-alemão que emigrou para Juiz de Fora em 1941. Chegou no Rio de Janeiro em 11/5/1941 com outros judeus-alemães fugindo do nazismo. Em novembro de 1941 fundou a INTEC Gráfica na avenida Francisco Bernardino Centro da cidade. Retornou para a Alemanha em 1954. Em 1958 e 1964 esteve no Brasil. Faleceu em Bonn em 03/5/1994.,
479,Hipólito Caron artista plástico,Diário de Minas,09111888,,1,Hipólito Caron retorna da Europa para Juiz de Fora.,A notícia cita Jorge Grimm Hector Hannoteau como seus e professores e França Júnior como seu discípulo.,
480,Hipólito Caron artista plástico,Diário de Minas,28111888,,1,Artigo de França Júnior sobre a exposição de H. Caron em Juiz de Fora.,,
481,Hipólito Caron artista plástico,Gazeta da Tarde,24101889,,1,Na 5ª coluna informa que foi pedido a H. Caron orçamento de retrato de um monarca recém falecido.,,
482,Hipólito Caron artista plástico,Gazeta da Tarde,24101889,,2,"Joaquim Campos Porto escreve um longo texto sobre a tela ""Ramos de Flores"" de H. Caron.",,
483,Hipólito Caron artista plástico,Gazeta da Tarde,29101899,,2,Na 4ª coluna há elogios ao trabalho de H. Caron.,,
484,Hipólito Caron artista plástico,Diário de Minas,08081889,,1,H. Caron expõe paisagem no escritório de O Pharol. a tela é descrita neste artigo.,,
485,Hipólito Caron artista plástico,Diário de Minas,23081889,,1,H. Caron foi ferido durante experiência de iluminação elétrica.,,
486,Hipólito Caron artista plástico,Gazeta da Tarde,11081889,,1,Tela de H. Caron é exposta.,,
487,Hipólito Caron artista plástico,Gazeta da Tarde,08111889,,2,"Artigo: ""Após a Tempestade"".",,
488,Hipólito Caron artista plástico,Gazeta da Tarde,10111889,,2,"Artigo sobre o trabalho ""Após a Tempestade"".",,
489,Hipólito Caron artista plástico,Diário da Manhã,03031891,,1,Frederico Ferreira Lage encomenda duas telas de H. Caron para o Theatro Novelli (Theatro Juiz de Fora ).,Na lápide sobre o túmulo de Hipólito Caron no Cemitério Municipal de Juiz de Fora consta que o artista nasceu dia 14/3/1862 e faleceu 15/5/1892.,
490,Homero Massena artista plástico,Jornal do Commercio,21031913,,1,Exposição.,,
491,Honório Esteves,Jornal do Commercio,12051907,,1,"""Uma exposição artística"".",,
492,Honório Esteves artista plástico,Jornal do Commercio,14051907,,2,"""Uma exposição artística"".",,
493,Honório Esteves artista plástico,Jornal do Commercio,16051907,,1,"Artigo: ""Tiras"". ",,
494,Hoteis de Juiz de Fora,O Lince/O Lynce,00051950,,47-49,"Artigo: ""Como Juiz de Fora hospeda"" artigo sobre o Palace Hotel e propagandas.",,
495,Hoteis de Juiz de Fora,Jornal do Commercio,26031933,,1,Antigo morador de Juiz de Fora diz que ao chegar na cidade em meados do século XIX havia duas hospedarias: a dos Bambus e do Petisco.,,
496,Hotel Palace (Palace Hotel),O Lince/O Lynce,00051950,,48,Artigo e propaganda sobre o Palace Hotel.,,
497,Hotel Renascença,O Lince/O Lynce,00051950,,49,Foto e propaganda do Grande Hotel Renascença.,,Em 1º de maio de 1887 o imigrante italiano Giuseppe Repetto abriu o Renaissance Hotel. G. Repetto nasceu em Genova 1864 e faleceu em 1943. Atualmente o proprietário é Eliseu Valle filho de Octacilio Pereira do Valle proprietário desde 1962.
498,Hotel Rio de Janeiro,Gazeta da Tarde,14101889,,2,Inauguração em 13/10/1889 da iluminação elétrica no 1º estabelecimento particular de Juiz de Fora.,,
499,Hotel Rio de Janeiro,O Lince/O Lynce,00091970,,23,história.,Pertenceu a Gustavo Pereira (ou Ferreira) da Cruz. Funcionou na rua Halfeld 797. Em 1938 era de propriedade Martins da Matta & Companhia Ltda.,
500,Gregory Howyan (Gregório Howyan),Jornal do Commercio,25041914,,3,Obelisco de autoria de G. Howyan é transferido para a esquina da avenida Barão do Rio Branco com rua do Gratidão (atual avenida dos Andradas).,,
501,Humberto Mauro cineasta,O Lince/O Lynce,00031975,,1-3,Vida e obra.,,
502,Conceição do Ibitipoca,Jornal do Commercio,27081906,,1,Relatório da excursão à Ibitipoca que teve a finalidade de examinar o local para a construção de um sanatório para tuberculosos.,O Relatório da excursão à Ibitipoca foi publicado sequencialmente nas edições dos dias 30 e 31 de agosto e 3 15 e 23 de setembro de 1906. Ao final deste relatório da excursão o autor do artigo diz que oportunamente seria publicado o relatório da comissão. Infelizmente não se publicou nos Jornail Correio da Tarde e Jornal do Commercio o dito relatório.,
503,Conceição do Ibitipoca,Correio da Tarde,28081906,,1,Sobre a excursão à Ibitipoca com a finalidade de examinar o local para a construção de um sanatório para tuberculosos.,A publicação sobre a excursão à ibitipoca foi publicado sequencialmente nos dias 31 de agosto e 03 de setembro de 1906. ,,